Question,Context,Answer
What payment methods are accepted?,"We accept various payment options, including Visa, MasterCard, American Express, PayPal, and Apple Pay, for your convenience.","Visa, MasterCard, American Express, PayPal."
Do you offer free shipping?,"Yes, we offer free shipping on all orders over $50. Orders below this amount incur a shipping charge based on the delivery address.",Free shipping on orders over $50.
What are your store hours?,"Our store is open from 9 AM to 9 PM, Monday through Saturday. On Sundays, it operates from 10 AM to 6 PM.","9 AM to 9 PM (Mon-Sat), 10 AM to 6 PM (Sun)."
Do you offer free shipping?,"Yes, we offer free shipping on all orders over $50. Orders below this amount incur a shipping charge based on the delivery address.",Free shipping on orders over $50.
How can I track my order?,"After placing an order, a tracking link will be sent to your registered email address. Use this link to track the status of your delivery.",Check the tracking link sent via email.
What is your return policy?,"Customers can return any product within 30 days of purchase, provided they have the original receipt and the product is unused and in its original packaging.",Return within 30 days with a receipt.
Do you offer international shipping?,"Yes, we ship to select countries. Visit our website's shipping policy page to view the list of eligible countries and delivery charges.","Yes, to select countries."
What are your store hours?,"Our store is open from 9 AM to 9 PM, Monday through Saturday. On Sundays, it operates from 10 AM to 6 PM.","9 AM to 9 PM (Mon-Sat), 10 AM to 6 PM (Sun)."
Do you offer free shipping?,"Yes, we offer free shipping on all orders over $50. Orders below this amount incur a shipping charge based on the delivery address.",Free shipping on orders over $50.
Where is your store located?,"Our main branch is located at 123 Main Street, Springfield, USA, near the central park.","123 Main Street, Springfield, USA."
Do you offer international shipping?,"Yes, we ship to select countries. Visit our website's shipping policy page to view the list of eligible countries and delivery charges.","Yes, to select countries."
How can I contact support?,You can reach out to our customer support via email at support@example.com or call us at +1-800-123-4567.,support@example.com or +1-800-123-4567.
Where is your store located?,"Our main branch is located at 123 Main Street, Springfield, USA, near the central park.","123 Main Street, Springfield, USA."
How can I contact support?,You can reach out to our customer support via email at support@example.com or call us at +1-800-123-4567.,support@example.com or +1-800-123-4567.
Where is your store located?,"Our main branch is located at 123 Main Street, Springfield, USA, near the central park.","123 Main Street, Springfield, USA."
Do you offer international shipping?,"Yes, we ship to select countries. Visit our website's shipping policy page to view the list of eligible countries and delivery charges.","Yes, to select countries."
What payment methods are accepted?,"We accept various payment options, including Visa, MasterCard, American Express, PayPal, and Apple Pay, for your convenience.","Visa, MasterCard, American Express, PayPal."
What is your return policy?,"Customers can return any product within 30 days of purchase, provided they have the original receipt and the product is unused and in its original packaging.",Return within 30 days with a receipt.
What are your store hours?,"Our store is open from 9 AM to 9 PM, Monday through Saturday. On Sundays, it operates from 10 AM to 6 PM.","9 AM to 9 PM (Mon-Sat), 10 AM to 6 PM (Sun)."
Where is your store located?,"Our main branch is located at 123 Main Street, Springfield, USA, near the central park.","123 Main Street, Springfield, USA."
What is your return policy?,"Customers can return any product within 30 days of purchase, provided they have the original receipt and the product is unused and in its original packaging.",Return within 30 days with a receipt.
How can I contact support?,You can reach out to our customer support via email at support@example.com or call us at +1-800-123-4567.,support@example.com or +1-800-123-4567.
How can I contact support?,You can reach out to our customer support via email at support@example.com or call us at +1-800-123-4567.,support@example.com or +1-800-123-4567.
What payment methods are accepted?,"We accept various payment options, including Visa, MasterCard, American Express, PayPal, and Apple Pay, for your convenience.","Visa, MasterCard, American Express, PayPal."
What are your store hours?,"Our store is open from 9 AM to 9 PM, Monday through Saturday. On Sundays, it operates from 10 AM to 6 PM.","9 AM to 9 PM (Mon-Sat), 10 AM to 6 PM (Sun)."
How can I track my order?,"After placing an order, a tracking link will be sent to your registered email address. Use this link to track the status of your delivery.",Check the tracking link sent via email.
Where is your store located?,"Our main branch is located at 123 Main Street, Springfield, USA, near the central park.","123 Main Street, Springfield, USA."
What is your return policy?,"Customers can return any product within 30 days of purchase, provided they have the original receipt and the product is unused and in its original packaging.",Return within 30 days with a receipt.
What payment methods are accepted?,"We accept various payment options, including Visa, MasterCard, American Express, PayPal, and Apple Pay, for your convenience.","Visa, MasterCard, American Express, PayPal."
What is your return policy?,"Customers can return any product within 30 days of purchase, provided they have the original receipt and the product is unused and in its original packaging.",Return within 30 days with a receipt.
How can I track my order?,"After placing an order, a tracking link will be sent to your registered email address. Use this link to track the status of your delivery.",Check the tracking link sent via email.
Do you offer international shipping?,"Yes, we ship to select countries. Visit our website's shipping policy page to view the list of eligible countries and delivery charges.","Yes, to select countries."
What are your store hours?,"Our store is open from 9 AM to 9 PM, Monday through Saturday. On Sundays, it operates from 10 AM to 6 PM.","9 AM to 9 PM (Mon-Sat), 10 AM to 6 PM (Sun)."
How can I track my order?,"After placing an order, a tracking link will be sent to your registered email address. Use this link to track the status of your delivery.",Check the tracking link sent via email.
What are your store hours?,"Our store is open from 9 AM to 9 PM, Monday through Saturday. On Sundays, it operates from 10 AM to 6 PM.","9 AM to 9 PM (Mon-Sat), 10 AM to 6 PM (Sun)."
What are your store hours?,"Our store is open from 9 AM to 9 PM, Monday through Saturday. On Sundays, it operates from 10 AM to 6 PM.","9 AM to 9 PM (Mon-Sat), 10 AM to 6 PM (Sun)."
Where is your store located?,"Our main branch is located at 123 Main Street, Springfield, USA, near the central park.","123 Main Street, Springfield, USA."
Where is your store located?,"Our main branch is located at 123 Main Street, Springfield, USA, near the central park.","123 Main Street, Springfield, USA."
Where is your store located?,"Our main branch is located at 123 Main Street, Springfield, USA, near the central park.","123 Main Street, Springfield, USA."
What are your store hours?,"Our store is open from 9 AM to 9 PM, Monday through Saturday. On Sundays, it operates from 10 AM to 6 PM.","9 AM to 9 PM (Mon-Sat), 10 AM to 6 PM (Sun)."
How can I contact support?,You can reach out to our customer support via email at support@example.com or call us at +1-800-123-4567.,support@example.com or +1-800-123-4567.
What is your return policy?,"Customers can return any product within 30 days of purchase, provided they have the original receipt and the product is unused and in its original packaging.",Return within 30 days with a receipt.
How can I track my order?,"After placing an order, a tracking link will be sent to your registered email address. Use this link to track the status of your delivery.",Check the tracking link sent via email.
How can I track my order?,"After placing an order, a tracking link will be sent to your registered email address. Use this link to track the status of your delivery.",Check the tracking link sent via email.
Where is your store located?,"Our main branch is located at 123 Main Street, Springfield, USA, near the central park.","123 Main Street, Springfield, USA."
Do you offer free shipping?,"Yes, we offer free shipping on all orders over $50. Orders below this amount incur a shipping charge based on the delivery address.",Free shipping on orders over $50.
Do you offer international shipping?,"Yes, we ship to select countries. Visit our website's shipping policy page to view the list of eligible countries and delivery charges.","Yes, to select countries."
What payment methods are accepted?,"We accept various payment options, including Visa, MasterCard, American Express, PayPal, and Apple Pay, for your convenience.","Visa, MasterCard, American Express, PayPal."
Do you offer free shipping?,"Yes, we offer free shipping on all orders over $50. Orders below this amount incur a shipping charge based on the delivery address.",Free shipping on orders over $50.
Do you offer free shipping?,"Yes, we offer free shipping on all orders over $50. Orders below this amount incur a shipping charge based on the delivery address.",Free shipping on orders over $50.
How can I track my order?,"After placing an order, a tracking link will be sent to your registered email address. Use this link to track the status of your delivery.",Check the tracking link sent via email.
What are your store hours?,"Our store is open from 9 AM to 9 PM, Monday through Saturday. On Sundays, it operates from 10 AM to 6 PM.","9 AM to 9 PM (Mon-Sat), 10 AM to 6 PM (Sun)."
Do you offer free shipping?,"Yes, we offer free shipping on all orders over $50. Orders below this amount incur a shipping charge based on the delivery address.",Free shipping on orders over $50.
Do you offer free shipping?,"Yes, we offer free shipping on all orders over $50. Orders below this amount incur a shipping charge based on the delivery address.",Free shipping on orders over $50.
What are your store hours?,"Our store is open from 9 AM to 9 PM, Monday through Saturday. On Sundays, it operates from 10 AM to 6 PM.","9 AM to 9 PM (Mon-Sat), 10 AM to 6 PM (Sun)."
Do you offer free shipping?,"Yes, we offer free shipping on all orders over $50. Orders below this amount incur a shipping charge based on the delivery address.",Free shipping on orders over $50.
What are your store hours?,"Our store is open from 9 AM to 9 PM, Monday through Saturday. On Sundays, it operates from 10 AM to 6 PM.","9 AM to 9 PM (Mon-Sat), 10 AM to 6 PM (Sun)."
Where is your store located?,"Our main branch is located at 123 Main Street, Springfield, USA, near the central park.","123 Main Street, Springfield, USA."
How can I contact support?,You can reach out to our customer support via email at support@example.com or call us at +1-800-123-4567.,support@example.com or +1-800-123-4567.
What are your store hours?,"Our store is open from 9 AM to 9 PM, Monday through Saturday. On Sundays, it operates from 10 AM to 6 PM.","9 AM to 9 PM (Mon-Sat), 10 AM to 6 PM (Sun)."
What are your store hours?,"Our store is open from 9 AM to 9 PM, Monday through Saturday. On Sundays, it operates from 10 AM to 6 PM.","9 AM to 9 PM (Mon-Sat), 10 AM to 6 PM (Sun)."
What is your return policy?,"Customers can return any product within 30 days of purchase, provided they have the original receipt and the product is unused and in its original packaging.",Return within 30 days with a receipt.
How can I contact support?,You can reach out to our customer support via email at support@example.com or call us at +1-800-123-4567.,support@example.com or +1-800-123-4567.
What payment methods are accepted?,"We accept various payment options, including Visa, MasterCard, American Express, PayPal, and Apple Pay, for your convenience.","Visa, MasterCard, American Express, PayPal."
How can I contact support?,You can reach out to our customer support via email at support@example.com or call us at +1-800-123-4567.,support@example.com or +1-800-123-4567.
Do you offer free shipping?,"Yes, we offer free shipping on all orders over $50. Orders below this amount incur a shipping charge based on the delivery address.",Free shipping on orders over $50.
What is your return policy?,"Customers can return any product within 30 days of purchase, provided they have the original receipt and the product is unused and in its original packaging.",Return within 30 days with a receipt.
What are your store hours?,"Our store is open from 9 AM to 9 PM, Monday through Saturday. On Sundays, it operates from 10 AM to 6 PM.","9 AM to 9 PM (Mon-Sat), 10 AM to 6 PM (Sun)."
Do you offer free shipping?,"Yes, we offer free shipping on all orders over $50. Orders below this amount incur a shipping charge based on the delivery address.",Free shipping on orders over $50.
How can I track my order?,"After placing an order, a tracking link will be sent to your registered email address. Use this link to track the status of your delivery.",Check the tracking link sent via email.
How can I contact support?,You can reach out to our customer support via email at support@example.com or call us at +1-800-123-4567.,support@example.com or +1-800-123-4567.
Do you offer international shipping?,"Yes, we ship to select countries. Visit our website's shipping policy page to view the list of eligible countries and delivery charges.","Yes, to select countries."
Where is your store located?,"Our main branch is located at 123 Main Street, Springfield, USA, near the central park.","123 Main Street, Springfield, USA."
Do you offer free shipping?,"Yes, we offer free shipping on all orders over $50. Orders below this amount incur a shipping charge based on the delivery address.",Free shipping on orders over $50.
How can I track my order?,"After placing an order, a tracking link will be sent to your registered email address. Use this link to track the status of your delivery.",Check the tracking link sent via email.
Do you offer international shipping?,"Yes, we ship to select countries. Visit our website's shipping policy page to view the list of eligible countries and delivery charges.","Yes, to select countries."
What are your store hours?,"Our store is open from 9 AM to 9 PM, Monday through Saturday. On Sundays, it operates from 10 AM to 6 PM.","9 AM to 9 PM (Mon-Sat), 10 AM to 6 PM (Sun)."
What payment methods are accepted?,"We accept various payment options, including Visa, MasterCard, American Express, PayPal, and Apple Pay, for your convenience.","Visa, MasterCard, American Express, PayPal."
Where is your store located?,"Our main branch is located at 123 Main Street, Springfield, USA, near the central park.","123 Main Street, Springfield, USA."
How can I track my order?,"After placing an order, a tracking link will be sent to your registered email address. Use this link to track the status of your delivery.",Check the tracking link sent via email.
How can I track my order?,"After placing an order, a tracking link will be sent to your registered email address. Use this link to track the status of your delivery.",Check the tracking link sent via email.
How can I contact support?,You can reach out to our customer support via email at support@example.com or call us at +1-800-123-4567.,support@example.com or +1-800-123-4567.
What payment methods are accepted?,"We accept various payment options, including Visa, MasterCard, American Express, PayPal, and Apple Pay, for your convenience.","Visa, MasterCard, American Express, PayPal."
How can I track my order?,"After placing an order, a tracking link will be sent to your registered email address. Use this link to track the status of your delivery.",Check the tracking link sent via email.
Where is your store located?,"Our main branch is located at 123 Main Street, Springfield, USA, near the central park.","123 Main Street, Springfield, USA."
How can I contact support?,You can reach out to our customer support via email at support@example.com or call us at +1-800-123-4567.,support@example.com or +1-800-123-4567.
Where is your store located?,"Our main branch is located at 123 Main Street, Springfield, USA, near the central park.","123 Main Street, Springfield, USA."
How can I track my order?,"After placing an order, a tracking link will be sent to your registered email address. Use this link to track the status of your delivery.",Check the tracking link sent via email.
Where is your store located?,"Our main branch is located at 123 Main Street, Springfield, USA, near the central park.","123 Main Street, Springfield, USA."
What are your store hours?,"Our store is open from 9 AM to 9 PM, Monday through Saturday. On Sundays, it operates from 10 AM to 6 PM.","9 AM to 9 PM (Mon-Sat), 10 AM to 6 PM (Sun)."
Where is your store located?,"Our main branch is located at 123 Main Street, Springfield, USA, near the central park.","123 Main Street, Springfield, USA."
How can I contact support?,You can reach out to our customer support via email at support@example.com or call us at +1-800-123-4567.,support@example.com or +1-800-123-4567.
Where is your store located?,"Our main branch is located at 123 Main Street, Springfield, USA, near the central park.","123 Main Street, Springfield, USA."
What are your store hours?,"Our store is open from 9 AM to 9 PM, Monday through Saturday. On Sundays, it operates from 10 AM to 6 PM.","9 AM to 9 PM (Mon-Sat), 10 AM to 6 PM (Sun)."
Do you offer free shipping?,"Yes, we offer free shipping on all orders over $50. Orders below this amount incur a shipping charge based on the delivery address.",Free shipping on orders over $50.
Where is your store located?,"Our main branch is located at 123 Main Street, Springfield, USA, near the central park.","123 Main Street, Springfield, USA."
What are your store hours?,"Our store is open from 9 AM to 9 PM, Monday through Saturday. On Sundays, it operates from 10 AM to 6 PM.","9 AM to 9 PM (Mon-Sat), 10 AM to 6 PM (Sun)."
How can I contact support?,You can reach out to our customer support via email at support@example.com or call us at +1-800-123-4567.,support@example.com or +1-800-123-4567.
What is your return policy?,"Customers can return any product within 30 days of purchase, provided they have the original receipt and the product is unused and in its original packaging.",Return within 30 days with a receipt.
What payment methods are accepted?,"We accept various payment options, including Visa, MasterCard, American Express, PayPal, and Apple Pay, for your convenience.","Visa, MasterCard, American Express, PayPal."
